5.997212802638706396e-03,-1.227610738100711699e-03,1.417028833409844868e+00,-1.398378461450914045e+00,2.822061807018766633e+00,-2.831162411254187106e+00,4.241972306106326585e+00,-4.245125157377771963e+00
-1.079235032875823595e-03,-8.666508934664461997e-03,1.496397568341788054e+00,-1.324266051430078139e+00,2.898861172955287557e+00,-2.738287009955886031e+00,4.299767366291640691e+00,-4.185032633535964663e+00
-5.646612319174963007e-03,-1.319141968760187758e-02,1.607605015323240627e+00,-1.208884491894107294e+00,3.085342378842345745e+00,-2.540079270646235621e+00,4.520354579272391149e+00,-3.938880365946080708e+00
2.852834112954917394e-03,-6.489333886663031098e-03,1.708545265992496898e+00,-1.050035512222863510e+00,3.275877021307096015e+00,-2.263643975501767436e+00,4.821635966349257174e+00,-3.561207117384121545e+00
3.019171365659360610e-03,4.188782184659011441e-03,1.783181391778551950e+00,-8.817388220809058152e-01,3.480814218926424175e+00,-1.945726294835601111e+00,5.142398395734284477e+00,-3.089961919507066668e+00
7.315232439277484684e-03,6.454149254188312063e-03,1.878701850566247833e+00,-6.981217982944081246e-01,3.657998231137877809e+00,-1.584567333810875889e+00,5.424680250703608486e+00,-2.533964146586971555e+00
-8.577588262419140810e-03,-8.282468469327227550e-03,1.926294843282526648e+00,-5.253802259864788216e-01,3.799625045356148423e+00,-1.234181027762469629e+00,5.660032371582207844e+00,-1.960017757947846606e+00
4.581451839564473771e-03,2.112349846630393047e-02,1.943219657088447239e+00,-3.832553494740680300e-01,3.887330591169980920e+00,-8.498306640813861890e-01,5.844398590426143514e+00,-1.376163238122263266e+00
3.331919003860683176e-04,-5.948320519254748570e-03,1.971778603598829172e+00,-2.550825724096583702e-01,3.963683756781128942e+00,-5.545625468578552208e-01,5.946938878371957671e+00,-8.553181449273723480e-01
-8.877675601223458841e-04,-1.739106084678660250e-02,2.002872462604079473e+00,-1.360976648774131492e-01,3.977184060964732204e+00,-2.679657351568859314e-01,5.994433998371299310e+00,-3.922064646809092503e-01
-2.868208326056672242e-03,-1.534018035436333569e-02,2.005503848108482146e+00,-6.902609903961301474e-02,3.992923167487856695e+00,-4.845104537714821358e-02,6.001401769897677596e+00,-3.917412134759351572e-02
-4.165018176714735225e-03,-1.185565333445194949e-02,1.993421510198740698e+00,1.829021149634475069e-03,3.993367630105496335e+00,1.149756584151719052e-01,6.007203920163806998e+00,1.989040837344783208e-01
2.659214362638397632e-03,8.074759988385703940e-03,1.997299406989306636e+00,6.296153530172821089e-02,3.985127254634890370e+00,2.369280302182390219e-01,5.994263142281168300e+00,3.935877255808650776e-01
-1.029322663517470617e-03,-2.293611566874187869e-03,1.992864921798563227e+00,1.074849410484013945e-01,3.991204153666848775e+00,2.832565684286572072e-01,5.962909805728692447e+00,5.064766370999145284e-01
-1.767421547903974067e-03,9.588685184466908332e-03,2.002341461133529510e+00,9.574667025173939916e-02,3.990462632214519356e+00,2.928980239374607275e-01,5.960358981762754915e+00,5.515935475859286008e-01
1.405159558247143919e-02,-1.617956416934514946e-02,1.996626356403245151e+00,8.345625425487361582e-02,3.970520627600707897e+00,2.762395147326879297e-01,5.963900536302803701e+00,5.223835815144575179e-01
-1.145981722911815735e-02,-2.496024271289930957e-03,2.004220976800720422e+00,9.009282198605331193e-02,3.986385132229583128e+00,2.486753772042566701e-01,5.982202762941895458e+00,4.306193925731515160e-01
3.838863262547275671e-03,-9.286069371251124555e-03,2.004005518527975926e+00,6.719904748556207452e-02,3.996211070141669985e+00,1.861228034284127530e-01,5.990916868138166151e+00,3.318354367566611618e-01
2.026511808426183681e-04,-6.849993525952750503e-03,1.984954348032874627e+00,2.049023952600610016e-02,4.007581184725004242e+00,1.062101533247273299e-01,6.018736227103489433e+00,2.224188374386715794e-01
-6.085336067945228654e-03,-9.730261137096074759e-04,2.000630770706859352e+00,-9.448172572919986967e-03,3.985572028462359917e+00,6.121282081161800309e-02,6.017898986209540446e+00,8.607639325728341784e-02
4.906048234679808231e-04,1.070122061682714058e-02,2.001270718853530362e+00,-1.276549050933033745e-02,3.995283354503510687e+00,-3.557649649114633106e-02,5.997338857597450001e+00,-4.152828111128237243e-02
7.831047876764181057e-03,-1.186334379897879127e-02,1.984207108998165214e+00,-4.209537369114492444e-02,4.003592579246401328e+00,-1.129901282771998278e-01,6.002238459544944504e+00,-1.795611496227679238e-01
-1.931119139028538573e-02,1.288656870836703099e-02,1.983093674050322441e+00,-5.888705091095623734e-02,3.995430944444775978e+00,-1.681803553429964682e-01,5.987030581697991849e+00,-2.609739914565719632e-01
-7.416123019466440772e-03,7.887188856144316737e-03,1.983212328871160723e+00,-1.029590236934600361e-01,3.975418165008539617e+00,-2.434236776249185386e-01,5.991970321213485384e+00,-3.785019622086120972e-01
7.215014246453047703e-03,-1.274162345066287214e-02,1.983954420151913034e+00,-1.070113644501169414e-01,3.985065426506052333e+00,-2.845759640301348536e-01,5.959866321199974060e+00,-4.563159248323327422e-01
5.674011746151965373e-03,1.502625992540569102e-03,2.018482941785987972e+00,-1.176514011338163634e-01,3.977866152162822466e+00,-2.990104439510355427e-01,5.972651401163995288e+00,-4.901233774602223869e-01
-1.679695174729650686e-02,3.653414466456030279e-03,1.992989202390362369e+00,-1.377610162670087068e-01,3.975878130221827789e+00,-3.286715304304271834e-01,5.980240586790349866e+00,-5.430794044221503025e-01
-2.493480282563245113e-03,1.687014477234207235e-02,1.989588853619820963e+00,-1.451079651645553192e-01,3.985732858662842659e+00,-3.417701376186618178e-01,5.961821162101617944e+00,-5.507014815402582197e-01
4.972471294619466853e-03,3.990137159605548767e-03,2.024873491669947789e+00,-1.603135589288177121e-01,3.993692690272481194e+00,-3.404198343180594444e-01,5.969500660188334251e+00,-5.720611593581681475e-01
-9.037099487300166841e-04,6.973422964375947108e-03,1.997488501309908848e+00,-1.415179625843643874e-01,3.988981910967284605e+00,-3.360405266614537867e-01,5.968168897723371558e+00,-5.808972447220961399e-01
-1.035904231516460335e-02,1.440604968635048478e-04,1.997052414612515481e+00,-1.328649176345951810e-01,3.994401525044669388e+00,-3.423248474211855186e-01,5.981412644957434743e+00,-5.531912654121418083e-01
-4.981172584481316501e-03,2.868752999404432496e-03,1.996004420769873278e+00,-1.226088480448128820e-01,3.975019015774801545e+00,-3.424817945571284050e-01,5.981441306132104785e+00,-5.301999897525160321e-01
6.877140901986242109e-03,-7.140162810962261998e-03,1.979030034247561520e+00,-1.311485856948608197e-01,3.988422530765899587e+00,-3.160202613394769711e-01,5.968414106080242476e+00,-5.117792036060294647e-01
-6.828600672209903834e-03,4.517569282400520428e-03,1.962937572184148882e+00,-1.309653929789004467e-01,3.983498128180394726e+00,-2.853690724566542158e-01,5.970000732644429320e+00,-5.020461402808092943e-01
5.909200370443337333e-03,-1.778317309982133890e-03,1.992711332231378307e+00,-1.114771183500503915e-01,3.997056440498750973e+00,-2.837387699944465824e-01,5.988855856391920973e+00,-4.600371200630037904e-01
-8.612017688779310736e-04,1.024068695243350070e-02,1.991247585068491421e+00,-1.085169752583600988e-01,4.003293008189086066e+00,-2.535692545893490912e-01,5.989022858026410212e+00,-4.510197886287948821e-01
-1.275973297458829611e-03,3.365685286023759135e-03,1.992861592707031893e+00,-1.089435951356751975e-01,3.999629592119962940e+00,-2.535255735129058330e-01,5.973451288587428465e+00,-4.373145245005213844e-01
1.580076875262404965e-02,6.440871041904700119e-03,1.993896241334573549e+00,-1.219977904654525047e-01,3.992204761137224889e+00,-2.323617856414071370e-01,5.970553421349501733e+00,-3.883826027374927548e-01
1.419762436072944181e-02,7.115318089186221592e-03,2.004107366050796202e+00,-8.524507165875302994e-02,4.017763546456675883e+00,-2.164472949728077911e-01,5.994496005424519325e+00,-3.670170204060602126e-01
2.152251662720554206e-03,-3.178836386605847150e-03,1.998258594571816316e+00,-9.475892284479466021e-02,3.990351345058243737e+00,-2.259831152813358557e-01,5.998800668555038129e+00,-3.748575204476055633e-01
6.791014561133354790e-03,-8.374917772748534384e-03,1.997051965517157246e+00,-8.311585568526677625e-02,3.966938635551473524e+00,-2.130881669552107116e-01,5.998749981463607384e+00,-3.714580421968202151e-01
-5.326633012184004562e-03,1.061887122737068499e-02,1.987162566162397059e+00,-8.761428587240335797e-02,3.984170322791942276e+00,-2.088783159876015372e-01,6.001256284725092982e+00,-3.716584830340124435e-01
1.128904248272015465e-02,7.814523264810046372e-04,2.005798699339787383e+00,-8.328350664545408621e-02,4.007602361480961051e+00,-2.191568813092614476e-01,5.976665405983379920e+00,-3.449927965274319774e-01
-1.814164841339834227e-03,-5.582029912915868405e-03,2.008129266829326909e+00,-8.264859740216558281e-02,3.986340412976841385e+00,-2.263014691915911369e-01,5.977584274094026817e+00,-3.529165289448749077e-01
-4.617275712076178082e-03,3.444624791972869093e-04,1.981142873774058177e+00,-1.067635487693409657e-01,4.006421286942522642e+00,-2.180407613392132959e-01,5.991098999412844961e+00,-3.404507611883248464e-01
2.768590068867581369e-03,-4.249282534764054820e-04,2.001748387760392323e+00,-9.039056266888127744e-02,3.987940488853877419e+00,-2.205113682220681270e-01,6.003197013429030449e+00,-3.702293288217622935e-01
-1.457354497119945670e-02,1.202576904124686916e-03,2.001650107270765311e+00,-9.417008971760264247e-02,3.992714520458812366e+00,-2.204253806050374687e-01,5.991168872995640271e+00,-3.854817494901977004e-01
-8.955290033822784282e-03,4.865161246461951333e-03,1.997479095387068249e+00,-9.893827816487396620e-02,4.001055681551250132e+00,-2.246627262466863173e-01,5.994625469340592261e+00,-3.625716293828635806e-01
-5.948786526274071375e-03,4.198250308187504755e-03,1.970398826222720334e+00,-7.640868968473960021e-02,3.973822161194627611e+00,-1.981005567625387653e-01,5.993526481130936112e+00,-3.720789747790624880e-01
5.028540704050717645e-03,1.736211455383182209e-02,1.981974425741751311e+00,-8.557077553007971793e-02,3.994098448125825040e+00,-2.216801539712108526e-01,5.986464806972707109e+00,-3.722321282229890116e-01
-7.597468332999537249e-03,-9.344188465642527808e-03,1.993261280637838695e+00,-9.981309377844466146e-02,3.997430503130281920e+00,-2.389897517345127564e-01,5.978822451282946204e+00,-3.858084042412938119e-01
-9.066610809767795473e-03,-9.838169319809355121e-03,1.999954078320311357e+00,-9.733880558715293785e-02,3.991380287535247984e+00,-2.206687600284681361e-01,5.980738878396542724e+00,-3.826793508612366668e-01
-2.380999980849425515e-03,6.892848351036565515e-04,1.992728637262553004e+00,-8.816538941656115735e-02,3.986220297756532194e+00,-2.291350478468764384e-01,5.990940905943825001e+00,-3.935324327921357890e-01
-1.783951388380357328e-02,9.994339715228072601e-03,1.989990616717129734e+00,-1.055022500085623094e-01,3.997781116570247928e+00,-2.397402603379001351e-01,6.001286171029098782e+00,-3.914765257691196210e-01
3.115252377992129562e-02,3.250199952151813830e-04,1.993428935143280789e+00,-1.037777466901448620e-01,3.989518453104587969e+00,-2.389410304314708577e-01,5.994810520097651363e+00,-4.033558111628190446e-01
-1.327248619450044007e-02,-2.328148805413272036e-03,1.999290351486876283e+00,-8.922367815281394277e-02,3.984375947167333454e+00,-2.530739120485436811e-01,5.981030794450592936e+00,-3.948247575328688863e-01
-9.847732370321649747e-03,-2.460429526258558087e-03,1.985841576106102568e+00,-8.672908000189372135e-02,3.988676366665927731e+00,-2.527420958816162799e-01,5.991173589967666580e+00,-4.118019829234761953e-01
8.148469682639684561e-03,-7.057919544201238064e-03,1.994828030443303701e+00,-1.026142658910408623e-01,3.982927024611751854e+00,-2.268657532087976492e-01,5.992783846989186536e+00,-4.020853099763120886e-01
-1.330017314145567897e-02,2.755872642146258399e-03,1.988496326431200556e+00,-8.309133874748253490e-02,3.987308945616673483e+00,-2.415722886848824247e-01,5.982421692667256430e+00,-3.795532075706313790e-01
-1.921387115029045065e-02,-8.830518957880438904e-03,1.987679255268966827e+00,-9.903106984218935926e-02,4.004485503000809743e+00,-2.290270646253978748e-01,5.983030283958740370e+00,-3.910105946756264883e-01
3.818167026062855782e-03,1.054681689253107908e-02,1.999254777955148388e+00,-9.751487413556189643e-02,3.981839480614207005e+00,-2.259913136757019936e-01,5.997015906817255271e+00,-3.882695316594322321e-01
2.037194446439149955e-03,1.107533617042092376e-02,2.003130212591587522e+00,-8.971473218935116511e-02,3.991955686627168376e+00,-2.487486840768464991e-01,5.992400667126377201e+00,-3.956056734902284044e-01
4.192089788292949551e-03,1.045890179832225774e-03,1.994950561955155743e+00,-8.255522684198637884e-02,3.999038504116512627e+00,-2.493858656592745360e-01,5.972338747462483610e+00,-4.139897395711674699e-01
1.263031724279938504e-02,-1.655935400708053937e-02,2.013120995354149567e+00,-1.013342569142308969e-01,4.006432057953443149e+00,-2.550667747333287827e-01,5.983399538698106035e+00,-3.849852827380665365e-01
6.495468342319199798e-03,3.375291596414042167e-03,1.985647612336936430e+00,-9.494600933136192189e-02,3.998535168289868214e+00,-2.370781615904430373e-01,5.981582467229782374e+00,-4.093858387485508343e-01
1.920412740991595327e-02,-8.885304448432636629e-03,2.013398965414867181e+00,-9.473466836750940590e-02,3.977397887372106311e+00,-2.243220285971337380e-01,5.987397498043364408e+00,-3.888356477973723968e-01
3.060981441597545910e-04,7.499999523146246190e-03,2.005960660443709020e+00,-1.002018032458520391e-01,4.006403618598817218e+00,-2.508399188026930737e-01,5.990050276763213333e+00,-3.830420773023673342e-01
-1.796534955140139181e-02,-5.788491659982682863e-03,2.004242435166665892e+00,-9.157981703511791638e-02,3.989525794560444538e+00,-2.314923662230156665e-01,5.969260543485221504e+00,-4.002028646890926078e-01
-4.652244455321604896e-03,-1.261032795577739576e-02,1.999213524619975590e+00,-1.017151264446174153e-01,3.989017005533966653e+00,-2.308046957536306065e-01,5.972087386005943799e+00,-3.933630784588419971e-01
-7.086839867271456199e-03,6.040238287834129652e-03,1.978387077875631839e+00,-1.077022673282153342e-01,3.991908155243053535e+00,-2.392716922562440895e-01,5.981648920473052300e+00,-3.790765387802657038e-01
8.759027321675421501e-03,8.257745443020406530e-04,2.000201582168835923e+00,-9.532171231240774145e-02,3.994606495359545484e+00,-2.417302470519353541e-01,5.977795906491060407e+00,-3.883615902976715883e-01
-3.868867947420931864e-03,-1.332217983090020277e-02,1.991917120441867972e+00,-1.149590119633452645e-01,3.996470920152891182e+00,-2.281654561230705702e-01,5.983680994015013965e+00,-3.961129447763924727e-01
-1.642535748943840454e-02,1.389871118759402127e-02,1.990789382824673437e+00,-8.067577475040982327e-02,4.007950170073060647e+00,-2.406700342485218469e-01,5.989355449976444312e+00,-3.773461462921354204e-01
-8.853728411068092705e-03,7.985175012492249161e-03,2.001753806578363992e+00,-8.213563026458954586e-02,3.976678042561031745e+00,-2.306311227423887278e-01,5.985175186967002681e+00,-4.067716589129217741e-01
1.483257611092653021e-03,-1.292258824958345508e-02,1.994897544849000948e+00,-9.456857204594612543e-02,3.998110550100546501e+00,-2.419357205678803746e-01,5.975496999153800282e+00,-3.968460001046857366e-01
-2.076643105626553056e-03,2.543455270367537841e-03,1.987309927550641397e+00,-7.958004136647661708e-02,3.994808435942179159e+00,-2.224272598347195040e-01,5.989564382616901383e+00,-3.942293366423189616e-01
5.764989031821821965e-03,-7.084112147879745823e-03,2.002974312513064792e+00,-9.707700330629993879e-02,3.997731844284228231e+00,-2.506413732357670177e-01,5.979182171056840467e+00,-3.945557632609543175e-01
7.540002287376810358e-03,-1.843685093884055550e-03,2.008216880761491296e+00,-1.120867490366785207e-01,3.992903738279268921e+00,-2.271003381345506056e-01,5.980900915727685785e+00,-3.676542163211684588e-01
1.308632930507787340e-02,-9.968022651095184705e-03,1.996653749103447950e+00,-9.693866627407789205e-02,3.982518454300791433e+00,-2.473875280335939841e-01,5.992609467569530501e+00,-3.818852187542548515e-01
-9.953305504210531798e-03,2.278675509470114071e-03,1.980513451691159554e+00,-8.001045965405573224e-02,3.987418061070440167e+00,-2.303952749703769565e-01,5.978723317711139629e+00,-3.918996195278208750e-01
5.531132324856782335e-03,3.441103886910931026e-03,2.022175728184087529e+00,-1.015098130594767611e-01,3.971361449348735473e+00,-2.491554446705628312e-01,5.998730306157261438e+00,-3.952557660401216921e-01
-9.174588934878592089e-03,2.107575967072508258e-02,1.987922457518160435e+00,-1.081743761184760511e-01,3.981110078772533534e+00,-2.315755340004264085e-01,5.990521996391120041e+00,-3.815010563060048376e-01
3.743004414112694953e-03,-4.674848816591747024e-03,1.998895935217013253e+00,-1.037165786111824972e-01,3.977531870955969051e+00,-2.494748427908332900e-01,5.990454275390041161e+00,-3.912596639059131021e-01
5.648668449576605029e-03,1.095534663361118904e-02,1.996051893852375692e+00,-8.662311536199437945e-02,3.979032351300399117e+00,-2.435593158872869368e-01,6.000973776574986651e+00,-4.193291071536509595e-01
-1.925066923209252726e-02,1.102322770620650823e-02,1.984731342741560489e+00,-9.739145782874419899e-02,3.999299673381206510e+00,-2.334733920256383266e-01,5.979355967784750980e+00,-3.973035965879275766e-01
1.809280501922099285e-02,-1.496702585029803002e-02,1.993799275210895949e+00,-8.513049094262761796e-02,4.005810676580265905e+00,-2.361692564771034897e-01,5.982466473653021310e+00,-3.886623990402882090e-01
6.702957739331100520e-03,-8.258985829884147450e-03,2.024080402007742752e+00,-1.119630958815222288e-01,4.001136717424318867e+00,-2.346700478092081932e-01,5.987243026938953605e+00,-3.899089293440040072e-01
7.020590757783383082e-03,1.634514660329542670e-03,2.016494052593426733e+00,-1.026019849933289263e-01,4.008536144697447234e+00,-2.365310089670449034e-01,5.979092723916592078e+00,-3.764253045751440041e-01
-1.430937781774463706e-04,5.810881263022220702e-03,2.000268722684659384e+00,-9.826215731131054953e-02,3.996688289448559139e+00,-2.470786940609671356e-01,5.967660035615910630e+00,-3.928207900145906373e-01
-9.463074424741525076e-03,2.172051140787751786e-02,1.994201563583832826e+00,-9.959277915198920528e-02,3.995897931098356448e+00,-2.309818096208633986e-01,5.986882143957169333e+00,-4.035166586641788511e-01
-1.446595907332403133e-02,3.138987698621395744e-03,2.012245962671362243e+00,-1.063855666979146714e-01,4.010748930717780603e+00,-2.550130110341016776e-01,5.985090805601624986e+00,-3.895161600760888021e-01
1.223341636712974370e-02,1.143991623045412373e-03,1.994516856225986956e+00,-1.054460946735290561e-01,4.014120839435933341e+00,-2.341713101638536187e-01,5.984853532726833514e+00,-3.816359760385801270e-01
-5.873623886768727584e-03,-1.511838271106887184e-02,2.010105514295854157e+00,-8.975891367514071684e-02,4.011350996838324967e+00,-2.260706535119882954e-01,5.998696736626152770e+00,-4.011371920726137241e-01
3.221496219056935260e-03,-1.490616223965336717e-02,1.989815789310788841e+00,-1.018850393811915472e-01,3.991632417470662553e+00,-2.162562107386793442e-01,5.978079276969203271e+00,-3.682396851313297637e-01
4.959343940397950221e-03,4.423981304333119043e-03,1.984789387444906517e+00,-8.794390604991998706e-02,3.995048095096577434e+00,-2.245334822051958112e-01,5.995562812050160062e+00,-4.188995858507592041e-01
-6.243160012779023701e-03,2.365433059552511045e-03,2.017723178710965293e+00,-1.087554200153507816e-01,4.012348191724433022e+00,-2.242438519957678511e-01,6.004058022577259734e+00,-3.915254141030083401e-01
9.924558690360440680e-03,-2.454314652748814177e-03,1.995218282538772314e+00,-8.085050240126069598e-02,3.981468244165228931e+00,-2.404425340040766690e-01,5.985412159218491901e+00,-3.804731150242790516e-01
1.526413741156387727e-02,-9.380912862565402716e-03,1.981805808767549637e+00,-1.001659799938604545e-01,3.991707173036835421e+00,-2.340337126494801967e-01,5.980124299060859627e+00,-3.809167187871930205e-01
-1.001224286268022345e-02,-9.259059734606271685e-03,1.981458021785254875e+00,-9.838887706437968173e-02,4.005113039767334016e+00,-2.503641869761654704e-01,5.989540034963836135e+00,-3.894820316833575991e-01
5.833423760035214359e-03,-1.975993778900538705e-02,1.990574549333677723e+00,-1.076478113790314828e-01,3.989931007008319597e+00,-2.411868672884148745e-01,5.968685087079750318e+00,-3.987039268935601566e-01
5.383660627263297041e-03,-2.742894022905901195e-03,1.994608287718647732e+00,-9.346631458475392062e-02,3.997571900949254520e+00,-2.413502533515980986e-01,5.965931267808445071e+00,-3.824760528098133383e-01
3.209292320021196916e-03,3.628516356160650051e-03,2.028649944142518979e+00,-9.728742011850707860e-02,4.007440442970382932e+00,-2.273462563352720012e-01,5.991812995576049516e+00,-3.957987949024536212e-01
-6.198899948935640905e-03,7.399948744239659426e-03,1.997072219876559585e+00,-1.087941508818886516e-01,3.995281432971293789e+00,-2.281148416647038601e-01,5.977740735210474554e+00,-3.970856330902168274e-01
5.590499162107854560e-03,1.639933014112852916e-02,1.983820865391503263e+00,-7.633136338194967951e-02,3.987663925561706790e+00,-2.491478376110303761e-01,5.967265804174001431e+00,-3.955588953645134964e-01
-2.495442659077207539e-02,8.199734327912589632e-03,1.998734353358129656e+00,-1.046413893294196873e-01,3.984774417148134518e+00,-2.457027970841379749e-01,5.985145390808916943e+00,-3.917911714439533677e-01
-1.027579684651105246e-02,1.373265741367873070e-02,2.008559792415493206e+00,-1.013834376391071629e-01,3.977026527564888170e+00,-2.349456269723939061e-01,6.001351716112553802e+00,-4.015937083985912093e-01
8.590346910024547478e-03,1.387613568979123232e-02,2.003874465453596265e+00,-9.587128877198286547e-02,3.995939878129485479e+00,-2.389886167969222930e-01,5.980603142682872964e+00,-3.864625283537804212e-01
-1.420676243398840202e-02,-1.011816390223462675e-02,1.989017737392078544e+00,-1.015884927124355852e-01,3.987174689244820769e+00,-2.434358802837033875e-01,5.983410568224851289e+00,-3.812096045120925147e-01
1.609950296657247995e-03,-3.504163849977517432e-03,2.002293720331387750e+00,-1.064025899859765700e-01,3.979968375453053042e+00,-2.442956560787334086e-01,5.979422263750876709e+00,-3.903753778889746950e-01
-1.482050387478548066e-02,5.842346041044634702e-03,1.995488629598778818e+00,-1.036208461172461737e-01,3.976382945464273178e+00,-2.262568640946268639e-01,5.988601332416758183e+00,-3.953998158156617482e-01
1.772098616909760851e-03,-7.272946426327591037e-03,2.010082584976582432e+00,-9.250589622549028335e-02,3.988167755536199621e+00,-2.296367135798570991e-01,5.987860167348905804e+00,-3.963061556355835791e-01
-9.641146138884750666e-03,-2.386375015061399651e-03,2.006776552553313664e+00,-1.008406940234013310e-01,3.990819823850261905e+00,-2.308647774497007699e-01,5.976585391003537140e+00,-4.100223342561216677e-01
-2.153179851576973291e-03,1.031096742952266471e-02,1.999124929788874239e+00,-1.055277388086477697e-01,3.995420338205263100e+00,-2.279043040078898019e-01,5.993458031579269374e+00,-4.092977457299065147e-01
1.839172949752178841e-04,-6.679070960407988006e-03,1.986196927016249836e+00,-8.872072019095694762e-02,3.989993321288291206e+00,-2.443560205263041185e-01,5.991139208168663188e+00,-3.943770632380766972e-01
1.285900570193722076e-03,-3.062217277457897693e-03,2.018583010131739464e+00,-9.427653311203246234e-02,3.973673464030203384e+00,-2.385929232898146568e-01,5.973790318476631001e+00,-4.011840849944054432e-01
3.817174288230747430e-03,8.966862376202930709e-03,1.996622482095256723e+00,-9.397980877135941880e-02,4.003781717143590768e+00,-2.374887027505649950e-01,5.997293263938548336e+00,-3.848836653973375377e-01
4.371742127248073699e-03,1.162497814496637853e-03,1.995073388991384533e+00,-1.092489246506561928e-01,4.006256728523103661e+00,-2.488445914382437785e-01,5.991867965635861992e+00,-3.887972440850403499e-01
9.890776012134992225e-04,-1.194138437028511787e-02,2.005105855093793910e+00,-8.248633674665759030e-02,3.996260095900773024e+00,-2.483381771652425629e-01,6.002509469057910607e+00,-3.964034701133695160e-01
2.624961772362692340e-03,1.442408516430453667e-02,2.006650397348286319e+00,-9.571880589156744890e-02,4.000097883183951097e+00,-2.439954153030290951e-01,5.979487643544572073e+00,-3.819668322406450378e-01
1.010901354539993011e-02,1.389128432926542596e-02,2.005680362269842476e+00,-9.144183781598852478e-02,3.973379661082595327e+00,-2.442726872268860538e-01,5.989767006471527822e+00,-3.742703345283949767e-01
-8.456093830136963974e-03,7.933597290735205573e-03,2.002341945188925276e+00,-8.179417529328070202e-02,3.998764831484975080e+00,-2.362651292056687224e-01,5.992106177724231486e+00,-3.710427184936221368e-01
4.244354711173418428e-03,5.610853440962160731e-03,1.992318527715949195e+00,-1.000053466096954280e-01,3.993434501905777090e+00,-2.290299797143619254e-01,5.988743390488265206e+00,-3.761731536321190617e-01
-3.625595340738541235e-03,-5.200776714864252699e-03,2.008775459119955809e+00,-1.017894698383939311e-01,3.987350897597306876e+00,-2.274183582604549780e-01,5.991361516048111291e+00,-3.845035087160155740e-01
5.424807229431556459e-03,2.478091397594337636e-03,1.999974594176573861e+00,-9.762289235604028337e-02,3.993120950879866626e+00,-2.273300444540708454e-01,5.975134935221364962e+00,-3.888881931054816721e-01
-3.213585258949449262e-03,4.153015811545394606e-03,2.004293030420615462e+00,-1.220804649148816978e-01,3.974764425150337566e+00,-2.392081175172304786e-01,5.987116285750290423e+00,-3.944749402480524081e-01
-3.725555698675472264e-03,-1.078493687586865512e-03,1.995835194606202290e+00,-1.080532683931345050e-01,4.005368859724548258e+00,-2.397167310016314890e-01,5.979327714416980299e+00,-3.951154953593813968e-01
2.054948620855883215e-03,-1.241960932963955943e-03,2.007922021235610810e+00,-7.827727487605924683e-02,3.995777054030614117e+00,-2.368980675416906823e-01,5.979973421623485663e+00,-3.942125486905709297e-01
6.722313680621066177e-03,1.324163409788543626e-02,1.983833049857415487e+00,-8.751847852836372454e-02,3.984115565269477521e+00,-2.566860020325076319e-01,5.999438240822497548e+00,-4.005780136258078050e-01
-8.107526750732368731e-04,1.756687532940795493e-02,1.998863211843010079e+00,-1.015627267775639775e-01,3.999082117633147693e+00,-2.327183358372333644e-01,5.995693215635188977e+00,-3.927641588288177665e-01
-1.892458103471864614e-03,-3.047382551387641230e-03,1.994259930226328414e+00,-9.351720674291130742e-02,3.994110756423011832e+00,-2.367110533263554195e-01,5.989358409435839192e+00,-3.980870157655518882e-01
1.223127958376017677e-02,-3.228192014781243457e-02,1.997390657579046547e+00,-1.071373588307321656e-01,3.995207788945185357e+00,-2.385613704547067671e-01,5.988201105047455286e+00,-3.971811059699602575e-01
-4.368778595304885493e-03,-6.691306029673789631e-03,2.000606733014540062e+00,-7.339510085043499110e-02,4.000459381792788705e+00,-2.399835258620271472e-01,5.997211845323690227e+00,-3.908921289639080143e-01
-1.026900670759030992e-02,2.092278795048801293e-02,1.993591907985164724e+00,-1.138159502692660252e-01,4.011318194465026465e+00,-2.349117347936561240e-01,5.997045160094247152e+00,-3.725282895486068946e-01
1.517260939392600649e-02,5.725083049240475147e-03,1.998716306022840117e+00,-8.497823514353186614e-02,3.989565454897033625e+00,-2.214202652685111350e-01,6.009281805260191511e+00,-3.919541104425543487e-01
-3.111502026578919985e-03,-7.021747148683164796e-03,2.003109345030589239e+00,-1.064401454946318770e-01,3.995640195255746985e+00,-2.462383774819662807e-01,5.992292744712120367e+00,-4.029986935952449834e-01
-6.216835190379898244e-04,-2.168466626348243553e-02,2.015047555302537319e+00,-1.168016012042120966e-01,4.005194269172008603e+00,-2.361028174465210627e-01,5.986088906654079445e+00,-3.766781406433490353e-01
9.543119429690188893e-03,-3.823378388154477416e-03,2.002069332829527593e+00,-9.137297174573030811e-02,4.000970470868761453e+00,-2.384120259364144734e-01,5.977360130567550556e+00,-4.042968849985551505e-01
-5.267754701776349198e-03,-1.395609533887818589e-02,1.997854945807244320e+00,-1.014762860835352470e-01,3.999985106594716733e+00,-2.535272598848251069e-01,5.973071635210002839e+00,-3.873798292309342250e-01
3.663891984817410630e-03,2.233058438908309008e-03,1.985356908202764892e+00,-9.100237595278079517e-02,3.995591006535811118e+00,-2.413772165132725134e-01,5.981140228129061320e+00,-4.054445735800863426e-01
-1.129291193412192314e-02,-6.453030199880748462e-03,2.008337853085462754e+00,-1.117240189436000536e-01,3.993880212972740651e+00,-2.423013579414146079e-01,5.992886431501606381e+00,-3.991350254323179358e-01
3.019234929422564539e-05,-1.016486577306067833e-02,1.988179809503383133e+00,-1.077689056395368383e-01,3.987870724641963793e+00,-2.352357842065280757e-01,5.986750769210777534e+00,-3.957201118632566184e-01
-3.089348952410646450e-03,7.224542970537435604e-03,2.010400129091185484e+00,-9.598725743876654337e-02,3.991623531633702093e+00,-2.383318368807305354e-01,5.992749679999709755e+00,-3.985611159561524564e-01
-1.159236872742643379e-02,-1.832813684400822884e-03,1.991759676616036812e+00,-1.070419087347376647e-01,3.985406324691451729e+00,-2.296547731890110078e-01,5.995168052462348740e+00,-3.894750401382980343e-01
-1.198814802330258611e-02,-5.326275775189436186e-03,2.005858830248804736e+00,-1.087175809842578639e-01,4.009697054533140737e+00,-2.505949455946852034e-01,5.989484114897764222e+00,-3.979108615903805823e-01
2.517546041201593546e-02,-1.745881465755594374e-03,1.983847737121743116e+00,-8.929085429985716971e-02,3.994883971791811650e+00,-2.341486269361880146e-01,5.987954337431303564e+00,-3.948122966597980010e-01
3.970971574983610426e-03,-4.752436176421184592e-03,1.994247604249811623e+00,-1.185716687936545222e-01,4.010785883862133971e+00,-2.543597813890078330e-01,5.986861194778353656e+00,-4.069867813253167932e-01
-1.775242825690172277e-03,6.143682566850191921e-03,1.984106060304152930e+00,-8.149994685819447748e-02,3.988979838175591652e+00,-2.240939929764802496e-01,5.983505443976141258e+00,-3.739570845111842012e-01
9.990995906479144262e-03,-3.808674239671365393e-03,2.004571280468444350e+00,-1.106794005193387359e-01,3.980140888449659187e+00,-2.338377991073147533e-01,5.986459043684781101e+00,-3.822934922864533736e-01
-1.358622278711988339e-02,1.016464119307722465e-02,1.985650669826844350e+00,-1.014947272070993445e-01,3.988432892645704442e+00,-2.478545878531313029e-01,5.979223823042824293e+00,-3.966164205280077182e-01
3.367806918963972833e-04,-3.540065611345675481e-04,2.010362361769687300e+00,-1.077262148974744704e-01,3.998887881952971846e+00,-2.473337343917658415e-01,5.983691078465467328e+00,-4.073376788697622986e-01
-1.229047384349365654e-02,5.782367437705593187e-03,1.996159156082388808e+00,-9.580960962427353955e-02,3.996886387463260526e+00,-2.323654172195390999e-01,5.966250875367229867e+00,-3.786840624959867951e-01
3.589824920176959942e-04,-8.379289252708296831e-03,2.008618875335759224e+00,-8.102852338615598726e-02,4.006836196647835635e+00,-2.399354961510660744e-01,5.991690639535869778e+00,-3.707664074928225251e-01
-4.727407800152592932e-03,1.742562475102607186e-02,1.989765933909239504e+00,-1.070065763136393011e-01,3.989462732598037853e+00,-2.406436549114704948e-01,5.980764701821779994e+00,-3.875732017425196352e-01
-1.743484738220285254e-03,6.730375076046455837e-03,1.999456026248987772e+00,-6.613491537271580512e-02,3.989464766167321041e+00,-2.473461721929683388e-01,5.998378063678742933e+00,-4.008282629716737322e-01
6.765762116539246604e-04,9.646843375499770598e-03,1.996987968540127056e+00,-1.003822530962464876e-01,3.990224354049883182e+00,-2.380413817367449392e-01,5.994922743568049661e+00,-4.122878130216955928e-01
-2.124741308433552786e-02,1.426587327856431234e-03,2.006668715394512859e+00,-9.747918805204924819e-02,3.994927272185765155e+00,-2.366049926520522040e-01,5.995631137622025264e+00,-4.083543268929302195e-01
-7.812995405480948827e-03,2.074211637124408637e-03,2.006741489917369226e+00,-1.025565017157860914e-01,3.987643587791433575e+00,-2.302072664311311523e-01,5.993021615652577516e+00,-3.855865392859607610e-01
-6.204121957287560794e-03,-2.082029205625937282e-02,2.012100151156899219e+00,-9.747815108665992823e-02,3.965616100487787676e+00,-2.347490853005793354e-01,5.997093845783021848e+00,-4.046468942440700767e-01
7.996925646662263881e-03,8.446026059228723196e-03,2.015011520314800464e+00,-8.770350292213521803e-02,3.992845652219067176e+00,-2.451627978883195724e-01,5.986538446893612253e+00,-3.979524829971413658e-01
9.264756796367397450e-04,3.341072320771945083e-03,1.996606761251175310e+00,-1.108756967150724138e-01,3.973276018728486569e+00,-2.323521265910188927e-01,5.979689767993098926e+00,-4.108082510418007982e-01
1.542009691962206719e-02,5.923604288117179269e-03,2.001727242612749258e+00,-1.067079664690073065e-01,3.996890609350522539e+00,-2.397754508629236780e-01,6.001512755147835776e+00,-4.003855065586163775e-01
-2.066083672608344697e-03,2.965510013934228965e-03,1.985780959684747105e+00,-9.645630458863323209e-02,3.978141611121889021e+00,-2.350432609624077962e-01,6.003406616755579073e+00,-4.014207595052593502e-01
-7.027774555923962767e-03,4.475032318981201143e-03,1.997448443648071947e+00,-1.087224589865010971e-01,3.969503251524058918e+00,-2.382278417050106012e-01,5.979531724125257242e+00,-3.841510187277472066e-01
-8.819343653637514227e-03,2.214574424432820023e-03,1.997290737177219055e+00,-1.156782698541957144e-01,4.000240759530859336e+00,-2.409793014145923951e-01,6.003008082993481764e+00,-3.948299669028513259e-01
7.767197501854924795e-03,1.086895064248942500e-02,2.003983248409149542e+00,-1.059167322277771023e-01,3.988883131286492745e+00,-2.401995368453044843e-01,5.984612782602406256e+00,-3.975489208141523845e-01
8.399572498488513603e-04,-9.334436584003309029e-03,2.015428711011578056e+00,-1.051840693909296548e-01,3.990962396863762862e+00,-2.270931905616588309e-01,5.994293441899600339e+00,-3.875672485692912006e-01
-1.522122688255730244e-02,4.210223414247671564e-04,1.970948889132386750e+00,-8.991950525257363935e-02,3.992131849059411319e+00,-2.299254585651831218e-01,5.987898173317772077e+00,-3.862914678979900707e-01
-1.796216301278465849e-02,-3.148842143985744555e-03,2.007552767686656914e+00,-9.042253199667341090e-02,3.971039832789779123e+00,-2.511065770877596304e-01,5.975203363146549762e+00,-4.084992458354527733e-01
1.428911931047232436e-02,9.072750545124795216e-03,2.002707624642071416e+00,-8.681871896134099598e-02,3.974244846292936284e+00,-2.385454608397889475e-01,5.989576225397046372e+00,-3.880133421014768658e-01
2.701638618744217884e-03,-7.610561753014801183e-04,1.996753684943165963e+00,-7.955529028445462725e-02,4.002081312548439129e+00,-2.352362854196362596e-01,5.998596088563104445e+00,-3.958946256426270072e-01
-1.609590193934868144e-02,5.315973171691319894e-03,1.987900164332272679e+00,-1.057331698750249016e-01,3.988275539614503984e+00,-2.423016635056253198e-01,5.984079955279689500e+00,-3.870007614517375072e-01
-1.149409713713520249e-02,1.952611017896549190e-03,1.992887060806175281e+00,-9.194027765453517687e-02,3.992074437348294147e+00,-2.207348375537559471e-01,5.988607791674457559e+00,-3.916410003890259395e-01
-4.106506901115400399e-03,3.912814919858745299e-03,2.001238429576508437e+00,-1.085093259411162997e-01,3.977082589148607905e+00,-2.488985583270419688e-01,5.981393515048829101e+00,-3.920545145141594023e-01
-2.468962377003650630e-04,8.981084532582823618e-03,1.996485131547024228e+00,-8.954512667847407126e-02,4.000305325779213383e+00,-2.338830017968878405e-01,5.984958588351473097e+00,-3.952761289810453049e-01
3.619033764207295334e-03,-5.245631930921277296e-03,1.997364423732325145e+00,-8.867593673177380509e-02,3.998163889430689011e+00,-2.426311509655044163e-01,5.986635100352890149e+00,-4.086797186485815470e-01
-3.531103372702377920e-03,6.041993573488336523e-03,1.995813485660146158e+00,-9.401606746140293847e-02,3.982157715328282332e+00,-2.378910272639319645e-01,5.985261326684780059e+00,-3.933910865933336609e-01
-9.110777243162062125e-03,-9.888228242764208684e-03,1.989196329685481768e+00,-8.446074577721146559e-02,3.986672270405803964e+00,-2.452502361440589973e-01,5.990390663992999798e+00,-3.884471176761866151e-01
7.751112030930771071e-03,-3.283062359609757123e-03,2.002625372015132577e+00,-1.000348226879209934e-01,4.018256492081636821e+00,-2.359329988092506158e-01,5.998235831048678079e+00,-3.854903706122889684e-01
2.123153415232664244e-03,-9.698021847755755598e-03,1.998077585712175530e+00,-1.218277297179582719e-01,4.002379442931623288e+00,-2.426806548642163053e-01,6.001170653406491695e+00,-4.032199247878049397e-01
-1.837325064985421974e-02,1.033528519489274565e-02,2.002354350172305342e+00,-1.061248582786805117e-01,3.996397791623090612e+00,-2.364246373063614293e-01,5.976970627720429974e+00,-3.816432626179229182e-01
-9.547548082561050980e-04,2.115779226895176182e-02,1.986571128828736432e+00,-9.763107035225998542e-02,3.989962818297934977e+00,-2.532858357557726814e-01,5.975030621011974574e+00,-4.070343895714311211e-01
-6.263176266420226665e-03,5.954958391930238910e-03,1.991044339091756932e+00,-8.850164456643071220e-02,3.992954171157505172e+00,-2.285604123083918859e-01,5.987378351603306115e+00,-4.034168712756315833e-01
-1.154388609033353899e-02,-6.866452670122185926e-04,1.985438654341254772e+00,-9.277440370738385123e-02,3.985665980779535822e+00,-2.449412387285704318e-01,5.983616931733880762e+00,-3.875212675205798041e-01
6.627946850862749192e-03,1.253892711350061522e-02,2.007365285659645782e+00,-9.222388970839502653e-02,3.991178918090577010e+00,-2.543009622323442187e-01,5.975091751067834522e+00,-4.007829057640607262e-01
2.753830295640625776e-03,8.670145512673818958e-03,1.985575882168771455e+00,-8.930582303310360959e-02,3.970838603359052144e+00,-2.463512759727288226e-01,5.989054718023825608e+00,-4.070399393644148489e-01
-1.011199100945693596e-02,-1.519141036605691115e-02,1.994363060794547948e+00,-9.922166941256005401e-02,3.985461463031883866e+00,-2.424767324926311862e-01,5.982977305994992889e+00,-3.806796538271616237e-01
3.416975025364123609e-03,-1.791026884055719332e-02,2.008975112431630627e+00,-9.179089050119806914e-02,4.006732499808632220e+00,-2.380342961881420361e-01,5.969582944530421820e+00,-3.881227366422076441e-01
1.223233252833067419e-03,-1.189960773077916763e-02,1.984607309866999625e+00,-9.398172786362626874e-02,3.992914074533758129e+00,-2.418760202686527916e-01,6.001887008926112266e+00,-3.851976893686427372e-01
-6.046704414803832743e-03,2.013165635123358773e-03,1.977423507372003231e+00,-7.703833676854995871e-02,3.980148039214286726e+00,-2.401771351423923895e-01,5.998532422365658867e+00,-3.986600338953548706e-01
1.462328673510063844e-03,1.063105382249467448e-02,1.988119936002146426e+00,-8.465937849855614816e-02,3.967829873352136438e+00,-2.305556324730885787e-01,5.973952403684158696e+00,-3.941316479957148733e-01
-9.977760461281845201e-04,2.577985424965858162e-03,2.010268783363480694e+00,-9.169258281992928583e-02,3.984319230607009210e+00,-2.398235526945089457e-01,5.988436669600644358e+00,-4.122585583770495554e-01
-1.143437713656552529e-02,-6.077134265598668587e-03,1.992316948510718166e+00,-1.044634885286588599e-01,3.991722800101904056e+00,-2.453947813339793504e-01,5.989579215254146050e+00,-3.936727430988673504e-01
-1.179684118407740671e-02,-1.830686852978303733e-02,2.004181753614720396e+00,-9.317394507653202484e-02,4.013683727634824727e+00,-2.423061931823048409e-01,6.004390001868801008e+00,-3.812738952733302211e-01
1.088530791185745097e-02,-1.689827881266899436e-04,1.991847934621857164e+00,-1.046004304252837469e-01,3.994863263186180014e+00,-2.430306586192205187e-01,5.989215336661779965e+00,-3.916521803312723038e-01
-8.411594537858071985e-03,-3.085781204071404854e-03,2.009535820656016991e+00,-8.515713311552045028e-02,4.004759072964851008e+00,-2.343522473880027268e-01,6.001657141052318067e+00,-4.024681000236468575e-01
-5.081166672297784091e-03,-5.914169225503616151e-03,1.996240860188261745e+00,-9.872939811268938159e-02,3.997355547760834682e+00,-2.384944439815348538e-01,5.987992799640354136e+00,-4.116099239988616487e-01
9.381885881237199062e-03,4.546984594174500842e-03,1.988775213808689823e+00,-1.004540376700917975e-01,4.012559713531892669e+00,-2.557458628383351695e-01,5.991497714390789042e+00,-3.834854628272219568e-01
-1.005675600390117976e-02,-1.460996977587206494e-02,1.986055453764418388e+00,-8.243659295827038269e-02,3.979528131536352653e+00,-2.502368415077246833e-01,5.976059466703916634e+00,-3.896927014410970780e-01
1.991119216677804046e-02,-1.228352524697142248e-02,1.993433037193361734e+00,-9.306513372364019765e-02,4.007876106933296434e+00,-2.371582286369108006e-01,5.960926527242023987e+00,-3.715042052311774423e-01
-4.698990543835757788e-03,4.606434135612391505e-03,1.994670129652789559e+00,-8.619346535596386638e-02,3.998944714612350460e+00,-2.379828138503694013e-01,5.969478702381818991e+00,-3.941788421382056984e-01
1.943975489211570526e-04,-2.737056388764682203e-03,1.994888772693593548e+00,-1.026267348729924395e-01,3.982541574894825409e+00,-2.262276246267857505e-01,5.991124245113429225e+00,-3.883096319940559926e-01
-9.924580286735130985e-03,3.186379667333861816e-03,1.986704854738297277e+00,-9.660722798876641981e-02,3.996055823603470003e+00,-2.200015663124143539e-01,5.983759637426739886e+00,-3.911733965023105331e-01
-4.082727622184150092e-03,2.273948238818081571e-02,1.986694650354164038e+00,-1.080799958463734695e-01,4.013432561158483125e+00,-2.402172994191911215e-01,5.981202091790157382e+00,-3.984773965685560748e-01
-9.232583644319931546e-03,2.649808951008623958e-02,1.998318445935705512e+00,-1.076390893747133093e-01,4.005816714446192250e+00,-2.397549625049471278e-01,5.995611051004610559e+00,-3.849417689265677289e-01
-2.971604646877708603e-02,-1.764942657023494538e-02,1.995192293465757771e+00,-9.599205551781164747e-02,3.990870028314804419e+00,-2.347644595815548685e-01,5.967948441801008030e+00,-3.822738121175269232e-01
1.051883750228032460e-02,-8.266324271638878299e-03,1.997378085581431151e+00,-1.077751693658037802e-01,4.001338282999197027e+00,-2.205893446046485740e-01,5.978366169600274560e+00,-4.012554314930033561e-01
1.095167945484749016e-02,6.870439359728062328e-03,1.991551933548628472e+00,-9.368421067523440005e-02,3.980477885755746570e+00,-2.444020948748268918e-01,5.981062811657669620e+00,-3.857590406039061448e-01
8.555409684117734614e-03,1.618076899098664853e-02,1.989467644550864112e+00,-7.349313606446977731e-02,4.003174938160480423e+00,-2.416389320250340034e-01,5.983312046304837040e+00,-3.874117564167874894e-01
1.317038333236012458e-02,-1.636180603739422271e-02,1.985853986128853776e+00,-9.602477480559468148e-02,3.986719122925443504e+00,-2.364188847852659037e-01,5.978457612131554910e+00,-3.723412317614143152e-01
-2.780246652330474032e-03,-1.794827071728466797e-02,1.995549465305567871e+00,-1.019899342781217244e-01,3.990664127110962411e+00,-2.358723432302558265e-01,5.982888085137513023e+00,-3.660763267691192757e-01
-1.347768680179260367e-02,-3.654822979971944583e-03,1.974453446031445569e+00,-1.070355457649982966e-01,4.013593497850861169e+00,-2.352882252854841538e-01,5.975800900177097752e+00,-3.876030892664312777e-01
1.701920231702716557e-02,8.282308825033312880e-03,2.014478001730074297e+00,-6.877434024877460139e-02,3.978678774443834776e+00,-2.403120938263807183e-01,5.980231627677600414e+00,-3.861662798048516310e-01
-7.267808112195535582e-03,1.950200508019773408e-03,1.987142753251788019e+00,-1.008823258381416205e-01,3.997475340450308501e+00,-2.319307690747070549e-01,5.978806760046081692e+00,-4.004137670020799789e-01
-1.396443686182498312e-02,-2.405097926794807356e-02,2.002433879055071309e+00,-1.209727619821510392e-01,3.988440317956490677e+00,-2.443990132956595784e-01,5.990046449117964578e+00,-3.986557767615772629e-01
4.243485089199050889e-03,-5.246849380446975616e-04,1.984750435090138154e+00,-1.095480741793448676e-01,4.001043507184826709e+00,-2.383991987712369143e-01,5.986656793451432534e+00,-3.863087493459266275e-01
-7.684310609530429353e-03,1.176786616678334244e-02,1.997348486823939062e+00,-1.064276246856761254e-01,3.980904626342841368e+00,-2.563859448478178482e-01,5.983718238589654348e+00,-3.980388102959682706e-01
-1.498334869701399390e-02,-3.924146744887741650e-03,2.013687809163120512e+00,-9.431012566136144637e-02,3.992844585910814814e+00,-2.451378403116610538e-01,5.978122719487336312e+00,-3.882139503546579995e-01
-1.412273456774429913e-02,1.442167946689409952e-02,1.994446442014677690e+00,-1.207358986213867974e-01,3.968971856558839661e+00,-2.415810652669883873e-01,5.994652945450162917e+00,-3.933326607144077003e-01
9.744642043733054912e-03,-9.408644944857639039e-03,1.980215206549707840e+00,-9.883586586191581147e-02,3.990301208491988660e+00,-2.426213372881553809e-01,5.987629958430425781e+00,-3.942878522859805113e-01
3.016271426785595636e-03,-2.665500827316809145e-03,1.990202991358706708e+00,-1.126152761646645184e-01,3.996206456888778291e+00,-2.434372747084160293e-01,5.989749947047428691e+00,-4.033369290912642846e-01
1.365121399695493933e-02,-1.522513135467845440e-02,1.980976342152009906e+00,-9.935537506233746430e-02,3.999208364918890091e+00,-2.240894292250625586e-01,5.986210482222745100e+00,-3.829725355958896182e-01
-3.291953632662844229e-03,-2.292089652308245806e-03,1.996523274375995971e+00,-9.066227344962982104e-02,3.988051451737073982e+00,-2.351197058390381844e-01,5.991221181389303929e+00,-3.833486010664542976e-01
-5.848464062868832369e-04,1.108118322428510230e-02,1.990755530481939983e+00,-1.054733752131604974e-01,4.004867365763210785e+00,-2.393944197711899702e-01,5.999958212718034645e+00,-3.882208795778914756e-01
8.241309751915568485e-03,5.353095289848477240e-03,2.000754569539668015e+00,-1.047007507116750752e-01,3.992374445758236412e+00,-2.443350767842916160e-01,5.976926130086929412e+00,-3.914027955010672133e-01
9.463659465400507762e-04,2.151435909005245360e-03,1.987738700897391908e+00,-9.406017884333771339e-02,3.978576177847461537e+00,-2.338627310934726644e-01,5.985790289474452130e+00,-3.779317911789463746e-01
5.672282258318168784e-03,-3.124222429198656500e-03,1.991527652516468017e+00,-1.140718029869073058e-01,3.994558398195649396e+00,-2.354476223037817728e-01,5.974638110849855188e+00,-3.865871600763043370e-01
3.498514283231755201e-03,-3.868723253849644123e-03,1.991460324208507160e+00,-1.196393409088802873e-01,3.994708502591707067e+00,-2.438385831311641050e-01,5.983965371911736497e+00,-4.063635224222983400e-01
-1.012453536545239452e-02,4.298303921494962647e-03,1.985638802096834965e+00,-1.065504080943237286e-01,3.986986245773509907e+00,-2.379524563879512056e-01,5.978721257399477018e+00,-3.905238204214075970e-01
-2.324792954019988447e-03,-8.957385779389441874e-03,2.000766021214819723e+00,-1.026906705542638132e-01,3.990087885013897218e+00,-2.427523213211553732e-01,5.995084192063412587e+00,-3.842141955475705251e-01
-1.231312623603139297e-02,-1.109962296039242007e-02,1.989556919017910985e+00,-1.028253289943992510e-01,3.981385249222062050e+00,-2.404850412302811935e-01,6.005154865675602416e+00,-3.820229600131955783e-01
-1.518612600601263298e-03,-4.492819566651921892e-03,2.009434220082657596e+00,-1.024059461665491610e-01,3.981366153188657719e+00,-2.393280454272719848e-01,5.977192487785688790e+00,-4.107862807739808275e-01
-9.590955390367477892e-03,8.995115830505859972e-03,2.008302520482074360e+00,-1.152103980398326011e-01,3.986622964871104013e+00,-2.252906521284953056e-01,6.002191081469621103e+00,-3.841237960369778826e-01
9.570693979961545847e-03,1.654489948433920249e-02,1.999704462843769903e+00,-7.618620917602011988e-02,3.974246311434274759e+00,-2.273918780994289568e-01,5.979876443587921919e+00,-3.928001531957444614e-01
-1.682797751872934858e-02,2.345647777557085742e-03,1.993064645821669423e+00,-8.778644190913652279e-02,4.006114027323514293e+00,-2.221958719514362524e-01,5.997459517702528053e+00,-3.856602593197225870e-01
1.057947838718772265e-02,9.417718172171098828e-03,1.999140255836697744e+00,-1.046261803518206135e-01,3.988726889578396051e+00,-2.169867725053618579e-01,5.991000397228885888e+00,-3.986571152584565958e-01
-7.225842619725017892e-05,-1.571142265417751344e-02,2.010343955190659226e+00,-1.050870339339929072e-01,4.002228957427423239e+00,-2.227538597388193931e-01,6.006645419732348223e+00,-3.927607407028753661e-01
-1.148924769220150723e-02,1.673215138175769903e-02,1.982851772000999269e+00,-8.588012672094487432e-02,3.998901807156218347e+00,-2.318380170819115960e-01,6.008622112903448276e+00,-3.747452368015563584e-01
1.320819153672542386e-02,1.664657214556982149e-03,1.999310538053410635e+00,-9.005151052928282718e-02,3.994707631488191524e+00,-2.344795857727811905e-01,5.998573861596068646e+00,-3.759443928752379538e-01
-2.612202755808865681e-03,2.657953632192008170e-03,2.021410335196217822e+00,-9.360189041010877342e-02,3.976620222914763580e+00,-2.540396240097083091e-01,5.996312676338336090e+00,-3.920962830182194159e-01
7.074763878013379421e-03,-1.735495885438104527e-02,1.961265690018024088e+00,-1.069257321623838242e-01,3.992662918701792130e+00,-2.497382319641613946e-01,5.989523805781766796e+00,-3.918843102314938376e-01
1.339671910329174112e-02,1.448504136195972493e-02,1.990139925300571377e+00,-1.232770696340879379e-01,4.018075257434176706e+00,-2.367789809623273289e-01,6.002229660396904087e+00,-4.058964893894952963e-01
-8.905663003210355019e-03,5.684070148651612121e-03,1.983623561120279266e+00,-1.111278222680003314e-01,3.982376183974308592e+00,-2.465208222265982407e-01,5.987635455623886216e+00,-3.748824218570503963e-01
1.900066041737261124e-02,6.896158186036028051e-03,1.994418565428747847e+00,-7.761812991909977644e-02,4.002675164002474695e+00,-2.436495374951362092e-01,5.970037044926639780e+00,-3.838118773355522206e-01
-2.403013471892498452e-03,8.047187626295413884e-03,1.979381897975276861e+00,-1.035542459405848076e-01,3.990093102900762023e+00,-2.248999712698730169e-01,5.984435106700349394e+00,-3.937464134140171157e-01
7.465170245937929015e-03,4.599100540203986641e-03,1.994546010950560166e+00,-9.966475963240559177e-02,3.993915069942820750e+00,-2.418542646692968257e-01,5.975839288648334247e+00,-3.744384354778256263e-01
-1.263317760449283143e-02,1.066335716746390910e-02,1.996582617111764657e+00,-9.711218805461920012e-02,3.993154736309008968e+00,-2.566393993067675461e-01,5.986238140185831114e+00,-4.054341594286501316e-01
1.367957598974782127e-02,-1.655870069073826778e-02,2.013226308689723965e+00,-8.365929371973829243e-02,4.005895379849969018e+00,-2.395753341263688885e-01,5.993909775556631736e+00,-3.884313950061455967e-01
2.396687058738406970e-02,-5.989280146878673758e-03,2.002487008526841805e+00,-9.815094528316843647e-02,3.993478324258840750e+00,-2.522809983215316687e-01,5.975290819081275906e+00,-3.820867900767634939e-01
1.510120430677839264e-02,-1.396431064623254552e-02,1.986063780738094975e+00,-8.014057273090806344e-02,4.001847147341442756e+00,-2.338209862180219423e-01,5.979493487563921406e+00,-4.026469358359742179e-01
9.703327083862742578e-03,-1.467884456081935789e-02,2.000901718171635757e+00,-1.219180941792792211e-01,3.998442077665545380e+00,-2.466200982193944014e-01,5.975039666585768572e+00,-3.980167607607202340e-01
6.294782791620041722e-03,-1.304717222481274058e-02,1.983513219901564817e+00,-8.664357958275201166e-02,3.983319422932221521e+00,-2.272614180334508460e-01,5.990443372984708859e+00,-3.956720084870469778e-01
-8.547925009853561706e-05,3.043416215285343548e-03,1.991539885751393957e+00,-7.820488268965472556e-02,4.001103985282727038e+00,-2.200154508726725466e-01,5.987081713161675367e+00,-3.985027625983414423e-01
1.402461535694277811e-02,-5.323475114336855343e-03,1.991803881069702520e+00,-8.511535777447780393e-02,3.990450536943951132e+00,-2.297314395726266500e-01,5.986393722655664718e+00,-4.076596987430955998e-01
-1.006139285633419513e-02,5.024589347747291344e-03,1.995678800537137754e+00,-1.096724454551026018e-01,3.979533714150634172e+00,-2.380784114790774064e-01,5.987222104310713000e+00,-4.080065481746207867e-01
-1.550353210836031279e-04,-8.860250929901078085e-03,1.993580301309718195e+00,-8.427209350342172722e-02,4.013378585978959912e+00,-2.431669371793032941e-01,5.981438830153835262e+00,-3.834978054891642341e-01
1.292453106219056472e-02,5.504471834243768397e-04,1.995150932938223320e+00,-9.756434762144730599e-02,3.982655471159493921e+00,-2.355756367181751076e-01,5.982887761240876401e+00,-3.865545472881477540e-01
5.330063007210032386e-03,5.557107394073087896e-03,1.992742906049068008e+00,-1.039856677824689268e-01,4.000149904259934885e+00,-2.305698618244059472e-01,5.979766050127120813e+00,-3.882802303936787602e-01
-9.501251501207456235e-03,-1.116027620891169025e-02,1.994287237536297441e+00,-9.020883197678429555e-02,3.973204085039740541e+00,-2.394809803447405794e-01,5.977159502793528034e+00,-3.871677112821090283e-01
1.035043665861715492e-02,1.117180080844883041e-03,1.983071058878097093e+00,-7.803362275110017898e-02,3.996416408137684506e+00,-2.299417573639561674e-01,5.977175843497169794e+00,-3.965246387405569894e-01
-1.067335365060417644e-02,-1.228112282055924750e-02,1.990045198291888529e+00,-1.020033726143488861e-01,3.998410282430838958e+00,-2.416818505746723689e-01,5.993475970104665151e+00,-4.127074465780616319e-01
3.605677363353580571e-03,-8.491720069116179270e-03,2.000708506429096811e+00,-9.037458590559899196e-02,3.995439256483642509e+00,-2.421747036075135862e-01,5.981589726773710147e+00,-3.895030581667007219e-01
-2.786173817734980546e-02,-2.475130261832101004e-03,2.000351184026572859e+00,-9.624030776859465730e-02,3.995237064594894250e+00,-2.371036239033363913e-01,5.998735221621775082e+00,-3.855303235002267570e-01
-9.381417902694009353e-03,1.693740914819409291e-02,1.995525879497596078e+00,-9.676450581669694684e-02,3.986457108622548873e+00,-2.421876724180995755e-01,5.986248099995807870e+00,-3.824218496516847421e-01
1.124118321382257257e-02,1.724725943055418695e-02,1.988073300691342915e+00,-7.978448906589753753e-02,3.991936518711399984e+00,-2.470552478114729222e-01,5.980708517696513127e+00,-3.887180082506562218e-01
-8.386938521282100850e-03,3.290163071068924645e-03,1.991721267405562212e+00,-8.619326597272075619e-02,3.992893317274941900e+00,-2.350812604605206357e-01,5.981792888741098047e+00,-3.803799997899312002e-01
-4.440155565710008669e-03,2.281629315037443911e-03,1.999926881465734940e+00,-1.015083737187701118e-01,3.981408324465383508e+00,-2.626631928653234693e-01,5.992660496591172503e+00,-3.870574499832571402e-01
-5.823371728561193943e-03,8.656281802366209976e-03,2.000784078652482201e+00,-9.685397873983694894e-02,3.986364588497026240e+00,-2.303303817519071206e-01,5.999979730628764329e+00,-3.981980416688545299e-01
-3.148600908615671514e-03,-1.249335633243477128e-02,1.988470333882836893e+00,-9.035226851404434822e-02,3.993173498638795671e+00,-2.460394091271924100e-01,5.977184406142727724e+00,-4.009363060378623445e-01
1.471393966451888316e-02,-1.034532111800221844e-02,2.007009209830775909e+00,-1.011162607165679156e-01,3.986073466674435295e+00,-2.402589308021072234e-01,6.000222804815157573e+00,-4.028235570558503786e-01
-7.023576313518868977e-03,-1.234703320055117147e-04,2.004169469692837158e+00,-9.109410205960390139e-02,3.979258103980622074e+00,-2.260970904205374388e-01,5.991664743288717787e+00,-3.902332975974774909e-01
4.886352737461606595e-03,-6.154726454355960094e-03,1.979014202144517842e+00,-1.031369237463552468e-01,3.974360737217378592e+00,-2.490793511831564944e-01,5.996388433138003293e+00,-3.773354564806207234e-01
-4.570115093176790530e-03,3.005488456301243379e-04,2.005983767186526823e+00,-9.413295959186387951e-02,3.999244647614808468e+00,-2.356543359781779201e-01,5.984771556276768933e+00,-3.910349113705179347e-01
-8.757457068315842308e-03,5.985006787414585971e-03,2.000020842188602987e+00,-1.012936813358793764e-01,3.982747575707466403e+00,-2.479658994193203181e-01,5.965935864204129579e+00,-4.042958567750100096e-01
1.023657386472741869e-02,7.627830693442170379e-03,2.005249497973506934e+00,-8.705492123444691366e-02,3.999764120596359884e+00,-2.512243800708024444e-01,5.992727211190498338e+00,-3.631487619410680434e-01
2.259792671091788788e-02,-2.329611609523327131e-02,1.993975881149498308e+00,-1.051365276172608887e-01,3.982436222405288717e+00,-2.397267915428428764e-01,5.987872923642833634e+00,-3.855424258474262067e-01
1.116205997000280052e-02,4.983640884072268636e-03,2.004366166292423035e+00,-9.392408579113060985e-02,3.995149339744513028e+00,-2.444999402490366514e-01,5.991609189047702344e+00,-3.983414097147743860e-01
-7.343631609296403899e-03,1.711683153424688880e-02,2.003376408920585661e+00,-1.001415924150622083e-01,3.990617369395955016e+00,-2.257037406946867386e-01,5.986076723140393518e+00,-3.863831689990946394e-01
1.411190741118683017e-03,-5.808464109519424941e-03,1.996386095198423138e+00,-8.634592128468585037e-02,3.996758945989686396e+00,-2.459887704243651496e-01,5.989811916917130219e+00,-4.020619707331618553e-01
1.343276826243151693e-02,5.781674806610115173e-04,2.011356677675509186e+00,-1.093874676430521276e-01,4.006151625692626617e+00,-2.506569603072991148e-01,5.980465178228600465e+00,-3.840335803075949905e-01
-9.194326934380180061e-03,7.091581047208645426e-03,2.014583410319681800e+00,-9.298881125923909308e-02,3.992688012583065493e+00,-2.574965546955543250e-01,5.971153226111235668e+00,-3.852227619295668926e-01
-7.845541778967516505e-03,-2.128118946740112025e-02,2.000098627219716985e+00,-1.076116148657919047e-01,3.976475488441475914e+00,-2.420113428367055841e-01,5.979897218305195494e+00,-4.033305177093536864e-01
-2.191712088636291623e-03,2.082292120870663649e-03,1.992845019009872765e+00,-9.805815495325215236e-02,3.985183546774178076e+00,-2.373696206698564237e-01,5.998035125888104169e+00,-3.952035082981215641e-01
2.607204958599042277e-02,1.676824299455355674e-02,1.993450415089466521e+00,-1.001847749948205080e-01,3.962654751247289830e+00,-2.233725000807788019e-01,5.996262091357335677e+00,-3.932896096420875898e-01
-1.182756636810968973e-02,-4.548707366738853619e-03,2.007200271290281890e+00,-1.049492853939306691e-01,4.014872173668484479e+00,-2.278210647902898511e-01,6.002140590414029475e+00,-3.806230856122791439e-01
-1.202507025007871523e-02,8.367801703827571326e-04,2.005858022134384022e+00,-1.125274982968505338e-01,4.002415058027829708e+00,-2.167865181829076726e-01,5.968337489754322434e+00,-3.719647162971207455e-01
1.195409822038524285e-02,-4.630425467737607839e-03,1.993601128064898198e+00,-1.004518775195462621e-01,3.998330877110372050e+00,-2.380487733191619382e-01,5.998023317089237416e+00,-4.017400171763435557e-01
-1.611803854355603471e-02,-5.667006974515600634e-03,2.013265344283251324e+00,-1.101617370719970568e-01,3.986303908733876966e+00,-2.353649899247352573e-01,5.981676628169001475e+00,-3.861615773524754713e-01
-5.058337160462830079e-03,-2.550570634189384955e-02,2.021765205367969109e+00,-9.431160706690196183e-02,3.983840456825256560e+00,-2.457273394999094362e-01,5.996894399552447297e+00,-3.922665784592439531e-01
-2.578987027348433013e-03,1.252378347571433959e-02,2.003756709253659452e+00,-9.781822160505870833e-02,3.973968827377393431e+00,-2.451532734093532229e-01,5.979930412554207209e+00,-3.786750333018616965e-01
-5.395239014219461136e-03,-1.547696010812700702e-02,1.983279968142013239e+00,-1.052415398707775285e-01,4.002712795334788964e+00,-2.392118918196117217e-01,5.990104777989648355e+00,-3.943912933960973533e-01
1.434801620220875072e-04,1.108308742581238376e-02,2.003943663297988120e+00,-1.038477967035248140e-01,3.972386065122782028e+00,-2.573977791585472241e-01,5.986636663094929034e+00,-3.858989146372224788e-01
-2.998155531275487756e-03,4.833531441243016369e-03,2.010858669790269726e+00,-7.790941037020920890e-02,3.993668851735408865e+00,-2.439268789522784642e-01,5.989314297614026117e+00,-3.947412833461214632e-01
6.745033660757083702e-03,4.699606064924205821e-04,2.017408137608637908e+00,-1.002057723155485580e-01,3.992059193974704101e+00,-2.310210894240419810e-01,5.974585878620892743e+00,-4.026986421924302340e-01
1.019594247161609117e-02,1.614859412648500178e-03,1.995252714050583798e+00,-1.067552370177971832e-01,3.987856554219434635e+00,-2.390793110733830384e-01,5.980643733032341203e+00,-3.961836798082182809e-01
-1.783023930056589423e-04,-1.175371551863468259e-03,1.995854565361264488e+00,-1.079896117816585288e-01,4.000774029079330774e+00,-2.398945201337474020e-01,5.981193947896093377e+00,-4.127589963673730100e-01
-1.724872400825365210e-03,1.378255505118331642e-02,1.998625918879428864e+00,-9.187636887697819832e-02,3.995859025815257315e+00,-2.296418704780379683e-01,5.965278866228674204e+00,-3.862105945532172679e-01
-3.235456475470211649e-03,1.261079069877363810e-02,1.989500254877689223e+00,-9.903015746902095462e-02,3.990532297862257938e+00,-2.452610641074584041e-01,5.989992011628931579e+00,-4.060815878209649843e-01
9.433480229603771923e-04,2.087297687446657002e-02,1.990182378102771210e+00,-1.001556206577831343e-01,3.990521394358653495e+00,-2.403055460967694623e-01,5.985266467606945362e+00,-3.826481309044890144e-01
-1.621141763668945343e-03,-3.865895496916724617e-03,1.975880125106586505e+00,-8.942625587215152771e-02,4.003353861778609968e+00,-2.345577176665307184e-01,6.001473744622080275e+00,-3.928842338309359028e-01
2.941848640327051310e-03,-7.335308143644351858e-04,1.991486209257835593e+00,-8.192158202411203849e-02,3.980651451412841269e+00,-2.500538010003879874e-01,5.975372181579608366e+00,-3.944459320914601719e-01
